연번,주소,기하구조,관리부서
1,제주특별자치도 제주시 애월읍 광령리 11-7,4지형,교통정보센터
2,제주특별자치도 제주시 해안동 2107-1,4지형,교통정보센터
3,제주특별자치도 제주시 해안동 2138-5,3지형,교통정보센터
4,제주특별자치도 제주시 해안동 2145-1,3지형,교통정보센터
5,제주특별자치도 제주시 노형동 3278-24,4지형,교통정보센터
6,제주특별자치도 제주시 노형동 3154-8,5지형,교통정보센터
7,제주특별자치도 제주시 노형동 2596-2,4지형,교통정보센터
8,제주특별자치도 제주시 노형동 3805-6,단일로,교통정보센터
9,제주특별자치도 제주시 노형동 3794-3,4지형,교통정보센터
10,제주특별자치도 제주시 노형동 3780-7,4지형,교통정보센터
11,제주특별자치도 제주시 노형동 918,5지형,교통정보센터
12,제주특별자치도 제주시 노형동 906,4지형,교통정보센터
13,제주특별자치도 제주시 연동 250-8,5지형,교통정보센터
14,제주특별자치도 제주시 연동 270-2,4지형,교통정보센터
15,제주특별자치도 제주시 연동 1911-11,4지형,교통정보센터
16,제주특별자치도 제주시 연동 2518-1,단일로,교통정보센터
17,제주특별자치도 제주시 용담이동 1767-1,4지형,교통정보센터
18,제주특별자치도 제주시 용담이동 2786,단일로,교통정보센터
19,제주특별자치도 제주시 용담이동 2754-3,5지형,교통정보센터
20,제주특별자치도 제주시 오라삼동 2401-35,단일로,교통정보센터
21,제주특별자치도 제주시 오라일동 2440,4지형,교통정보센터
22,제주특별자치도 제주시 오라일동 2441-1,단일로,교통정보센터
23,제주특별자치도 제주시 삼도일동 507-4,4지형,교통정보센터
24,제주특별자치도 제주시 삼도일동 534-19,4지형,교통정보센터
25,제주특별자치도 제주시 삼도일동 579-2,단일로,교통정보센터
26,제주특별자치도 제주시 삼도일동 584-3,3지형,교통정보센터
27,제주특별자치도 제주시 이도일동 1775-7,단일로,교통정보센터
28,제주특별자치도 제주시 이도일동 1252-4,4지형,교통정보센터
29,제주특별자치도 제주시 이도이동 1168-12,단일로,교통정보센터
30,제주특별자치도 제주시 이도이동 314-4,4지형,교통정보센터
31,제주특별자치도 제주시 일도이동 365-16,단일로,교통정보센터
32,제주특별자치도 제주시 일도이동 358-7,4지형,교통정보센터
33,제주특별자치도 제주시 일도이동 371-14,단일로,교통정보센터
34,제주특별자치도 제주시 일도이동 323-20,4지형,교통정보센터
35,제주특별자치도 제주시 건입동 596-4,4지형,교통정보센터
36,제주특별자치도 제주시 건입동 256-7,3지형,교통정보센터
37,제주특별자치도 제주시 화북이동 4949,3지형,교통정보센터
38,제주특별자치도 제주시 화북일동 4700-1,3지형,교통정보센터
39,제주특별자치도 제주시 화북일동 4663-5,4지형,교통정보센터
40,제주특별자치도 제주시 화북일동 3988-1,3지형,교통정보센터
41,제주특별자치도 제주시 화북일동 2030-1,4지형,교통정보센터
42,제주특별자치도 제주시 화북일동 2055-1,3지형,교통정보센터
43,제주특별자치도 제주시 화북일동 1230,3지형,교통정보센터
44,제주특별자치도 제주시 화북일동 1251,3지형,교통정보센터
45,제주특별자치도 제주시 삼양삼동 2507-1 (건너편),4지형,교통정보센터
46,제주특별자치도 제주시 삼양이동 2221-1,4지형,교통정보센터
47,제주특별자치도 제주시 삼양이동 2129-21,4지형,교통정보센터
48,제주특별자치도 제주시 삼양이동 2135-8,4지형,교통정보센터
49,제주특별자치도 제주시 삼양이동 2140-12,4지형,교통정보센터
50,제주특별자치도 제주시 삼양일동 572-4,3지형,교통정보센터
51,제주특별자치도 제주시 조천읍 신촌리 3149-3,단일로,교통정보센터
52,제주특별자치도 제주시 삼도이동 1192-8,4지형,교통정보센터
53,제주특별자치도 제주시 일도일동 1426-1,4지형,교통정보센터
54,제주특별자치도 제주시 이도일동 1411-3,단일로,교통정보센터
55,제주특별자치도 제주시 삼도이동 211-2,4지형,교통정보센터
56,제주특별자치도 제주시 이도일동 1708-2,단일로,교통정보센터
57,제주특별자치도 제주시 이도일동 1690-4,4지형,교통정보센터
58,제주특별자치도 제주시 이도일동 1774-3,4지형,교통정보센터
59,제주특별자치도 제주시 이도이동 1176-122,단일로,교통정보센터
60,제주특별자치도 제주시 이도이동 1768-14,단일로,교통정보센터
61,제주특별자치도 제주시 이도이동 1183-8,4지형,교통정보센터
62,제주특별자치도 제주시 이도이동 1018-8,단일로,교통정보센터
63,제주특별자치도 제주시 이도이동 1025-8,단일로,교통정보센터
64,제주특별자치도 제주시 이도이동 1027,4지형,교통정보센터
65,제주특별자치도 제주시 이도이동 1996-1,4지형,교통정보센터
66,제주특별자치도 제주시 이도이동 2007-12,4지형,교통정보센터
67,제주특별자치도 제주시 이도이동 1986-11,4지형,교통정보센터
68,제주특별자치도 제주시 아라이동 2423,4지형,교통정보센터
69,제주특별자치도 제주시 아라일동 2343-10,단일로,교통정보센터
70,제주특별자치도 제주시 아라이동 1493-4,3지형,교통정보센터
71,제주특별자치도 제주시 아라이동 1582-1,단일로,교통정보센터
72,제주특별자치도 제주시 아라일동 6102-3,4지형,교통정보센터
73,제주특별자치도 제주시 아라일동 6100-3,단일로,교통정보센터
74,제주특별자치도 제주시 아라일동 6135-1,4지형,교통정보센터
75,제주특별자치도 제주시 아라일동 6136-1,4지형,교통정보센터
76,제주특별자치도 제주시 아라일동 6138,단일로,교통정보센터
77,제주특별자치도 제주시 아라일동 6139-7,3지형,교통정보센터
78,제주특별자치도 제주시 아라일동 6140-10,4지형,교통정보센터
79,제주특별자치도 제주시 아라일동 623-2,3지형,교통정보센터
80,제주특별자치도 제주시 아라일동 516-1,3지형,교통정보센터
81,제주특별자치도 제주시 아라일동 423-1,4지형,교통정보센터
82,제주특별자치도 제주시 아라일동 396-46,3지형,교통정보센터
83,제주특별자치도 제주시 아라일동 393-13,4지형,교통정보센터
84,제주특별자치도 제주시 한림읍 옹포리 332,4지형,교통정보센터
85,제주특별자치도 제주시 한림읍 한림리 1477-3,4지형,교통정보센터
86,제주특별자치도 제주시 한림읍 대림리 1820-14,4지형,교통정보센터
87,제주특별자치도 제주시 한림읍 한수리 830-5,4지형,교통정보센터
88,제주특별자치도 제주시 한림읍 대림리 1849-1,4지형,교통정보센터
89,제주특별자치도 제주시 한림읍 한림리 932-4,4지형,교통정보센터
90,제주특별자치도 제주시 한림읍 동명리 361-8,4지형,교통정보센터
91,제주특별자치도 제주시 한림읍 귀덕리 2184-4,4지형,교통정보센터
92,제주특별자치도 제주시 애월읍 봉성리 3808-17,4지형,교통정보센터
93,제주특별자치도 제주시 애월읍 납읍리 1569-1,4지형,교통정보센터
94,제주특별자치도 제주시 애월읍 상귀리 884-8,4지형,교통정보센터
95,제주특별자치도 제주시 애월읍 애월리 521-1,4지형,교통정보센터
96,제주특별자치도 제주시 한경면 고산리 1679-21,3지형,교통정보센터
97,제주특별자치도 제주시 한경면 고산리 3148-22,4지형,교통정보센터
98,제주특별자치도 제주시 한경면 고산리 1885-12,4지형,교통정보센터
99,제주특별자치도 제주시 한경면 고산리 2074-4,4지형,교통정보센터
100,제주특별자치도 제주시 한경면 고산리 1279-5,4지형,교통정보센터
101,제주특별자치도 제주시 한경면 용수리 2839-2,5지형,교통정보센터
102,제주특별자치도 제주시 한경면 용수리 1032-5,4지형,교통정보센터
103,제주특별자치도 제주시 한경면 신창리 659-4,3지형,교통정보센터
104,제주특별자치도 제주시 한경면 신창리 679-1,3지형,교통정보센터
105,제주특별자치도 제주시 한경면 신창리 90-1,4지형,교통정보센터
106,제주특별자치도 제주시 한경면 두모리 2332-6,4지형,교통정보센터
107,제주특별자치도 제주시 한경면 두모리 2464-1,3지형,교통정보센터
108,제주특별자치도 제주시 한경면 판포리 2974-16,3지형,교통정보센터
109,제주특별자치도 제주시 한경면 판포리 2863-4,4지형,교통정보센터
110,제주특별자치도 제주시 한경면 금등리 694-4,3지형,교통정보센터
111,제주특별자치도 제주시 한림읍 월령리 443-6,3지형,교통정보센터
112,제주특별자치도 제주시 한림읍 월령리 226-6,5지형,교통정보센터
113,제주특별자치도 제주시 한림읍 금능리 1035,4지형,교통정보센터
114,제주특별자치도 제주시 한림읍 금능리 2208-1,4지형,교통정보센터
115,제주특별자치도 제주시 한림읍 협재리 1074-6,4지형,교통정보센터
116,제주특별자치도 제주시 한림읍 옹포리 884-4,4지형,교통정보센터
117,제주특별자치도 제주시 한림읍 명월리 2087-5,4지형,교통정보센터
118,제주특별자치도 제주시 한림읍 동명리 2197-6,4지형,교통정보센터
119,제주특별자치도 제주시 한림읍 동명리 1537-7,4지형,교통정보센터
120,제주특별자치도 제주시 한림읍 한림리 733-12,4지형,교통정보센터
121,제주특별자치도 제주시 한림읍 한림리 780-10,4지형,교통정보센터
122,제주특별자치도 제주시 한림읍 한림리 295-2,4지형,교통정보센터
123,제주특별자치도 제주시 한림읍 대림리 444-4,4지형,교통정보센터
124,제주특별자치도 제주시 한림읍 대림리 1354-4,단일로,교통정보센터
125,제주특별자치도 제주시 한림읍 귀덕리 3643-1,3지형,교통정보센터
126,제주특별자치도 제주시 한림읍 귀덕리 4007-6,4지형,교통정보센터
127,제주특별자치도 제주시 한림읍 귀덕리 3254-5,4지형,교통정보센터
128,제주특별자치도 제주시 한림읍 귀덕리 2961-3,3지형,교통정보센터
129,제주특별자치도 제주시 한림읍 귀덕리 3011-3,4지형,교통정보센터
130,제주특별자치도 제주시 한림읍 귀덕리 1236-9,4지형,교통정보센터
131,제주특별자치도 제주시 애월읍 금성리 601-3,4지형,교통정보센터
132,제주특별자치도 제주시 애월읍 금성리 405-3,4지형,교통정보센터
133,제주특별자치도 제주시 애월읍 곽지리 2045-4,4지형,교통정보센터
134,제주특별자치도 제주시 애월읍 곽지리 1669-2,4지형,교통정보센터
135,제주특별자치도 제주시 애월읍 곽지리 1539-4,4지형,교통정보센터
136,제주특별자치도 제주시 애월읍 애월리 2437-1,3지형,교통정보센터
137,제주특별자치도 제주시 애월읍 애월리 2194-6,단일로,교통정보센터
138,제주특별자치도 제주시 애월읍 애월리 1482-3,단일로,교통정보센터
139,제주특별자치도 제주시 애월읍 애월리 1432-6,4지형,교통정보센터
140,제주특별자치도 제주시 애월읍 애월리 562-1,3지형,교통정보센터
141,제주특별자치도 제주시 애월읍 애월리 518-2,3지형,교통정보센터
142,제주특별자치도 제주시 애월읍 애월리 346,4지형,교통정보센터
143,제주특별자치도 제주시 애월읍 고내리 831-2,3지형,교통정보센터
144,제주특별자치도 제주시 애월읍 고내리 1018-4,단일로,교통정보센터
145,제주특별자치도 제주시 애월읍 고내리 648-4,4지형,교통정보센터
146,제주특별자치도 제주시 애월읍 고내리 183-1,4지형,교통정보센터
147,제주특별자치도 제주시 애월읍 고내리 196-3,3지형,교통정보센터
148,제주특별자치도 제주시 애월읍 신엄리 3081-6,4지형,교통정보센터
149,제주특별자치도 제주시 애월읍 신엄리 2507-3,4지형,교통정보센터
150,제주특별자치도 제주시 애월읍 신엄리 1279-11,4지형,교통정보센터
151,제주특별자치도 제주시 애월읍 신엄리 1358-1,3지형,교통정보센터
152,제주특별자치도 제주시 애월읍 신엄리 709-10,3지형,교통정보센터
153,제주특별자치도 제주시 애월읍 신엄리 757-13,3지형,교통정보센터
154,제주특별자치도 제주시 애월읍 신엄리 761-2,단일로,교통정보센터
155,제주특별자치도 제주시 애월읍 신엄리 762,3지형,교통정보센터
156,제주특별자치도 제주시 애월읍 구엄리 900-1,3지형,교통정보센터
157,제주특별자치도 제주시 애월읍 구엄리 860-6,단일로,교통정보센터
158,제주특별자치도 제주시 애월읍 구엄리 48-6,4지형,교통정보센터
159,제주특별자치도 제주시 애월읍 하귀2리 2441-3,3지형,교통정보센터
160,제주특별자치도 제주시 애월읍 하귀2리 1796-5,4지형,교통정보센터
161,제주특별자치도 제주시 애월읍 하귀1리 1552-1,4지형,교통정보센터
162,제주특별자치도 제주시 애월읍 하귀1리 490-1,5지형,교통정보센터
163,제주특별자치도 제주시 애월읍 하귀1리 116-1,3지형,교통정보센터
164,제주특별자치도 제주시 애월읍 하귀1리 245-3,단일로,교통정보센터
165,제주특별자치도 제주시 애월읍 하귀1리 274-3,4지형,교통정보센터
166,제주특별자치도 제주시 애월읍 하귀1리 21-1,단일로,교통정보센터
167,제주특별자치도 제주시 외도일동 400-1,3지형,교통정보센터
168,제주특별자치도 제주시 외도이동 1925-10,3지형,교통정보센터
169,제주특별자치도 제주시 외도일동 424-1,3지형,교통정보센터
170,제주특별자치도 제주시 외도이동 235-1,4지형,교통정보센터
171,제주특별자치도 제주시 내도동 584-6,단일로,교통정보센터
172,제주특별자치도 제주시 내도동 310-3,5지형,교통정보센터
173,제주특별자치도 제주시 내도동 363-4,4지형,교통정보센터
174,제주특별자치도 제주시 이호일동 1914-5,4지형,교통정보센터
175,제주특별자치도 제주시 이호이동 1525-2,4지형,교통정보센터
176,제주특별자치도 제주시 이호이동 785,4지형,교통정보센터
177,제주특별자치도 제주시 이호이동 781-2,3지형,교통정보센터
178,제주특별자치도 제주시 도두일동 2328-4,4지형,교통정보센터
179,제주특별자치도 제주시 도두일동 2287-2,3지형,교통정보센터
180,제주특별자치도 제주시 노형동 1022-7,4지형,교통정보센터
181,제주특별자치도 제주시 노형동 1097-13,4지형,교통정보센터
182,제주특별자치도 제주시 연동 2420,3지형,교통정보센터
183,제주특별자치도 제주시 연동 2431-3,3지형,교통정보센터
184,제주특별자치도 제주시 연동 1987-5,단일로,교통정보센터
185,제주특별자치도 제주시 연동 2307-3,3지형,교통정보센터
186,제주특별자치도 제주시 연동 300-8,4지형,교통정보센터
187,제주특별자치도 제주시 오라삼동 2693,3지형,교통정보센터
188,제주특별자치도 제주시 오라이동 2146-9,4지형,교통정보센터
189,제주특별자치도 제주시 오라이동 1206,4지형,교통정보센터
190,제주특별자치도 제주시 오라일동 1041-4,4지형,교통정보센터
191,제주특별자치도 제주시 오라일동 1060,4지형,교통정보센터
192,제주특별자치도 제주시 도남동 757-8,단일로,교통정보센터
193,제주특별자치도 제주시 도남동 65-2,4지형,교통정보센터
194,제주특별자치도 제주시 도남동 80,단일로,교통정보센터
195,제주특별자치도 제주시 이도이동 1024,4지형,교통정보센터
196,제주특별자치도 제주시 이도이동 1060-8,단일로,교통정보센터
197,제주특별자치도 제주시 이도이동 1062,4지형,교통정보센터
198,제주특별자치도 제주시 일도이동 71-11,4지형,교통정보센터
199,제주특별자치도 제주시 일도이동 113,4지형,교통정보센터
200,제주특별자치도 제주시 건입동 66-1,4지형,교통정보센터
201,제주특별자치도 제주시 건입동 12-3,4지형,교통정보센터
202,제주특별자치도 제주시 화북이동 3585-1,4지형,교통정보센터
203,제주특별자치도 제주시 화북이동 3559,3지형,교통정보센터
204,제주특별자치도 제주시 화북이동 2359-7,3지형,교통정보센터
205,제주특별자치도 제주시 화북이동 812-7,4지형,교통정보센터
206,제주특별자치도 제주시 도련일동 2164-1,4지형,교통정보센터
207,제주특별자치도 제주시 도련일동 2191-2,3지형,교통정보센터
208,제주특별자치도 제주시 도련이동 546-3(건너편),4지형,교통정보센터
209,제주특별자치도 제주시 도련이동 615,4지형,교통정보센터
210,제주특별자치도 제주시 노형동 3794-13,4지형,교통정보센터
211,제주특별자치도 제주시 노형동 3792-6,4지형,교통정보센터
212,제주특별자치도 제주시 노형동 3783-4,4지형,교통정보센터
213,제주특별자치도 제주시 노형동 713,4지형,교통정보센터
214,제주특별자치도 제주시 노형동 753-2,4지형,교통정보센터
215,제주특별자치도 제주시 노형동 71-3,3지형,교통정보센터
216,제주특별자치도 제주시 노형동 103-3,4지형,교통정보센터
217,제주특별자치도 제주시 노형동 708-4,4지형,교통정보센터
218,제주특별자치도 제주시 노형동 710-4,4지형,교통정보센터
219,제주특별자치도 제주시 연동 1369-1,3지형,교통정보센터
220,제주특별자치도 제주시 연동 1369-1 (홀천 3교앞),4지형,교통정보센터
221,제주특별자치도 제주시 연동 1664,4지형,교통정보센터
222,제주특별자치도 제주시 연동 421-7,4지형,교통정보센터
223,제주특별자치도 제주시 연동 368-5,4지형,교통정보센터
224,제주특별자치도 제주시 오라이동 1698-4,4지형,교통정보센터
225,제주특별자치도 제주시 오라이동 1524,4지형,교통정보센터
226,제주특별자치도 제주시 오라이동 1586,4지형,교통정보센터
227,제주특별자치도 제주시 도남동 1172-2,4지형,교통정보센터
228,제주특별자치도 제주시 도남동 268-2,4지형,교통정보센터
229,제주특별자치도 제주시 아라일동 2568-5,4지형,교통정보센터
230,제주특별자치도 제주시 아라이동 1259-3,3지형,교통정보센터
231,제주특별자치도 제주시 이도이동 76-11(건너편),4지형,교통정보센터
232,제주특별자치도 제주시 이도이동 67-2,4지형,교통정보센터
233,제주특별자치도 제주시 화북이동 5356-1,4지형,교통정보센터
234,제주특별자치도 제주시 화북이동 3141-1,4지형,교통정보센터
235,제주특별자치도 제주시 화북이동 2669-2,3지형,교통정보센터
236,제주특별자치도 제주시 화북이동 3255-8,4지형,교통정보센터
237,제주특별자치도 제주시 화북이동 2762-2,3지형,교통정보센터
238,제주특별자치도 제주시 영평동 251,3지형,교통정보센터
239,제주특별자치도 제주시 봉개동 2610-4,3지형,교통정보센터
240,제주특별자치도 제주시 봉개동 1930-5,4지형,교통정보센터
241,제주특별자치도 제주시 봉개동 1907,3지형,교통정보센터
242,제주특별자치도 제주시 봉개동 2081,4지형,교통정보센터
243,제주특별자치도 제주시 봉개동 1446-7,3지형,교통정보센터
244,제주특별자치도 제주시 회천동 132-1,3지형,교통정보센터
245,제주특별자치도 제주시 회천동 산1-1,4지형,교통정보센터
246,제주특별자치도 제주시 조천읍 와흘리 2847,단일로,교통정보센터
247,제주특별자치도 제주시 조천읍 와흘리 2945,4지형,교통정보센터
248,제주특별자치도 제주시 조천읍 와흘리 산12,4지형,교통정보센터
249,제주특별자치도 제주시 조천읍 대흘리 1197-33,4지형,교통정보센터
250,제주특별자치도 제주시 조천읍 대흘리 1211-1,4지형,교통정보센터
251,제주특별자치도 제주시 조천읍 선흘리 4059-1,4지형,교통정보센터
252,제주특별자치도 제주시 조천읍 선흘리 4070-11,4지형,교통정보센터
253,제주특별자치도 제주시 조천읍 선흘리 1940-33,4지형,교통정보센터
254,제주특별자치도 제주시 조천읍 선흘리 1868-4,4지형,교통정보센터
255,제주특별자치도 제주시 구좌읍 덕천리 1789-4,4지형,교통정보센터
256,제주특별자치도 제주시 구좌읍 송당리 2602-7,4지형,교통정보센터
257,제주특별자치도 제주시 구좌읍 송당리 산269,4지형,교통정보센터
258,제주특별자치도 제주시 외도일동 476-3,4지형,교통정보센터
259,제주특별자치도 제주시 외도일동 499-15,4지형,교통정보센터
260,제주특별자치도 제주시 외도일동 549-5,4지형,교통정보센터
261,제주특별자치도 제주시 외도일동 108-4,4지형,교통정보센터
262,제주특별자치도 제주시 도평동 737-1,4지형,교통정보센터
263,제주특별자치도 제주시 도두일동 2426-7,4지형,교통정보센터
264,제주특별자치도 제주시 애월읍 하귀1리 157-2,4지형,교통정보센터
265,제주특별자치도 제주시 애월읍 하귀1리 158-1 (하귀일초교 정문),단일로,교통정보센터
266,제주특별자치도 제주시 애월읍 하귀1리 166-1 (206동 앞),4지형,교통정보센터
267,제주특별자치도 제주시 애월읍 광령리 53-15,4지형,교통정보센터
268,제주특별자치도 제주시 애월읍 광령리 2088-5,4지형,교통정보센터
269,제주특별자치도 제주시 애월읍 광령리 2113-1,3지형,교통정보센터
270,제주특별자치도 제주시 애월읍 광령리 2122-5,3지형,교통정보센터
271,제주특별자치도 제주시 애월읍 광령리 3922-3,4지형,교통정보센터
272,제주특별자치도 제주시 애월읍 고성리 252-5,4지형,교통정보센터
273,제주특별자치도 제주시 애월읍 고성리 311-28,4지형,교통정보센터
274,제주특별자치도 제주시 애월읍 고성리 1329-2,4지형,교통정보센터
275,제주특별자치도 제주시 애월읍 고성리 1305-7,4지형,교통정보센터
276,제주특별자치도 제주시 애월읍 상귀리 789-8,단일로,교통정보센터
277,제주특별자치도 제주시 애월읍 상귀리 777,3지형,교통정보센터
278,제주특별자치도 제주시 애월읍 수산리 89-4,4지형,교통정보센터
279,제주특별자치도 제주시 애월읍 수산리 1359-6,4지형,교통정보센터
280,제주특별자치도 제주시 애월읍 수산리 1376-2,4지형,교통정보센터
281,제주특별자치도 제주시 애월읍 장전리 1159-6,3지형,교통정보센터
282,제주특별자치도 제주시 애월읍 신엄리 154-6,3지형,교통정보센터
283,제주특별자치도 제주시 애월읍 신엄리 2043-3,4지형,교통정보센터
284,제주특별자치도 제주시 애월읍 하가리 197-5,4지형,교통정보센터
285,제주특별자치도 제주시 애월읍 하가리 168-7,단일로,교통정보센터
286,제주특별자치도 제주시 애월읍 하가리 549-7,3지형,교통정보센터
287,제주특별자치도 제주시 애월읍 하가리 842-1,4지형,교통정보센터
288,제주특별자치도 제주시 애월읍 하가리 850-6,4지형,교통정보센터
289,제주특별자치도 제주시 애월읍 하가리 1582-1,3지형,교통정보센터
290,제주특별자치도 제주시 애월읍 하가리 1589-4,단일로,교통정보센터
291,제주특별자치도 제주시 애월읍 상가리 1794-9,3지형,교통정보센터
292,제주특별자치도 제주시 애월읍 수산리 795-11,4지형,교통정보센터
293,제주특별자치도 제주시 애월읍 수산리 553-10,4지형,교통정보센터
294,제주특별자치도 제주시 애월읍 상귀리 438-3,4지형,교통정보센터
295,제주특별자치도 제주시 애월읍 상귀리 419-6,단일로,교통정보센터
296,제주특별자치도 제주시 애월읍 상귀리 387-9,4지형,교통정보센터
297,제주특별자치도 제주시 애월읍 하귀1리 1124-8,4지형,교통정보센터
298,제주특별자치도 제주시 애월읍 광령리 3674-1,단일로,교통정보센터
299,제주특별자치도 제주시 애월읍 광령리 1695-6,4지형,교통정보센터
300,제주특별자치도 제주시 애월읍 광령리 1872-2,4지형,교통정보센터
301,제주특별자치도 제주시 해안동 804-3,4지형,교통정보센터
302,제주특별자치도 제주시 노형동 1934-1,4지형,교통정보센터
303,제주특별자치도 제주시 노형동 1843-1,4지형,교통정보센터
304,제주특별자치도 제주시 노형동 177-5,4지형,교통정보센터
305,제주특별자치도 제주시 연동 939-1,4지형,교통정보센터
306,제주특별자치도 제주시 오라이동 3414-3,4지형,교통정보센터
307,제주특별자치도 제주시 오라이동 582-2,4지형,교통정보센터
308,제주특별자치도 제주시 오라이동 190-1,4지형,교통정보센터
309,제주특별자치도 제주시 오라이동 167-3,단일로,교통정보센터
310,제주특별자치도 제주시 오라이동 73-3,4지형,교통정보센터
311,제주특별자치도 제주시 오등동 1780-1,4지형,교통정보센터
312,제주특별자치도 제주시 오등동 178-1,4지형,교통정보센터
313,제주특별자치도 제주시 아라이동 266-1,단일로,교통정보센터
314,제주특별자치도 제주시 영평동 2076-1,4지형,교통정보센터
315,제주특별자치도 제주시 일도이동 48-5,4지형,교통정보센터
316,제주특별자치도 제주시 일도이동 823-9,4지형,교통정보센터
317,제주특별자치도 제주시 노형동 2583-1 (202동앞),4지형,교통정보센터
318,제주특별자치도 제주시 노형동 1280-4,단일로,교통정보센터
319,제주특별자치도 제주시 노형동 1043-5,4지형,교통정보센터
320,제주특별자치도 제주시 노형동 2732-2,4지형,교통정보센터
321,제주특별자치도 제주시 노형동 2737,3지형,교통정보센터
322,제주특별자치도 제주시 노형동 2582-1,3지형,교통정보센터
323,제주특별자치도 제주시 노형동 2598-4,3지형,교통정보센터
324,제주특별자치도 제주시 노형동 2569,3지형,교통정보센터
325,제주특별자치도 제주시 노형동 2887-4,3지형,교통정보센터
326,제주특별자치도 제주시 노형동 2897-1,4지형,교통정보센터
327,제주특별자치도 제주시 노형동 3065-9,3지형,교통정보센터
328,제주특별자치도 제주시 노형동 3129-1,4지형,교통정보센터
329,제주특별자치도 제주시 노형동 2585-2 (101동앞),3지형,교통정보센터
330,제주특별자치도 제주시 노형동 2593-5 (건물 뒤),3지형,교통정보센터
331,제주특별자치도 제주시 노형동 3813,3지형,교통정보센터
332,제주특별자치도 제주시 노형동 1545-1,3지형,교통정보센터
333,제주특별자치도 제주시 노형동 1545-1,4지형,교통정보센터
334,제주특별자치도 제주시 연동 1399-1(아파트정문 남쪽),4지형,교통정보센터
335,제주특별자치도 제주시 연동 1360-5,3지형,교통정보센터
336,제주특별자치도 제주시 연동 1529-11,4지형,교통정보센터
337,제주특별자치도 제주시 연동 302-8,4지형,교통정보센터
338,제주특별자치도 제주시 연동 303-34,4지형,교통정보센터
339,제주특별자치도 제주시 연동 306-2,5지형,교통정보센터
340,제주특별자치도 제주시 노형동 917-3,4지형,교통정보센터
341,제주특별자치도 제주시 연동 262-19,4지형,교통정보센터
342,제주특별자치도 제주시 연동 261-20,4지형,교통정보센터
343,제주특별자치도 제주시 연동 271-6,4지형,교통정보센터
344,제주특별자치도 제주시 연동 282-11,4지형,교통정보센터
345,제주특별자치도 제주시 도남동 572-4,3지형,교통정보센터
346,제주특별자치도 제주시 오라일동 1074,4지형,교통정보센터
347,제주특별자치도 제주시 오라일동 1023-2,4지형,교통정보센터
348,제주특별자치도 제주시 삼도일동 530,4지형,교통정보센터
349,제주특별자치도 제주시 삼도일동 751-18,4지형,교통정보센터
350,제주특별자치도 제주시 삼도이동 803-1,4지형,교통정보센터
351,제주특별자치도 제주시 용담일동 264-10,5지형,교통정보센터
352,제주특별자치도 제주시 용담일동 219-10,3지형,교통정보센터
353,제주특별자치도 제주시 삼도이동 811-18,단일로,교통정보센터
354,제주특별자치도 제주시 용담이동 603-22,단일로,교통정보센터
355,제주특별자치도 제주시 용담일동 312-8,4지형,교통정보센터
356,제주특별자치도 제주시 용담일동 318-6,3지형,교통정보센터
357,제주특별자치도 제주시 용담일동 351,단일로,교통정보센터
358,제주특별자치도 제주시 용담일동 2-9,4지형,교통정보센터
359,제주특별자치도 제주시 삼도이동 1221-10,3지형,교통정보센터
360,제주특별자치도 제주시 삼도이동 1255,4지형,교통정보센터
361,제주특별자치도 제주시 삼도이동 1192-4,단일로,교통정보센터
362,제주특별자치도 제주시 건입동 1310-10,3지형,교통정보센터
363,제주특별자치도 제주시 건입동 1305-3,3지형,교통정보센터
364,제주특별자치도 제주시 용담이동 1586-11,3지형,교통정보센터
365,제주특별자치도 제주시 용담이동 1596-14,4지형,교통정보센터
366,제주특별자치도 제주시 용담이동 746-1,4지형,교통정보센터
367,제주특별자치도 제주시 용담이동 751-68,3지형,교통정보센터
368,제주특별자치도 제주시 용담이동 2708-14,4지형,교통정보센터
369,제주특별자치도 제주시 용담이동 2680-12,단일로,교통정보센터
370,제주특별자치도 제주시 용담이동 2678-5,4지형,교통정보센터
371,제주특별자치도 제주시 용담이동 2678-12,3지형,교통정보센터
372,제주특별자치도 제주시 용담일동 306-2,단일로,교통정보센터
373,제주특별자치도 제주시 용담일동 284-5,4지형,교통정보센터
374,제주특별자치도 제주시 용담일동 132-6,단일로,교통정보센터
375,제주특별자치도 제주시 용담일동 129-1,단일로,교통정보센터
376,제주특별자치도 제주시 용담일동 121,4지형,교통정보센터
377,제주특별자치도 제주시 삼도이동 982-13,단일로,교통정보센터
378,제주특별자치도 제주시 일도일동 1145-17,단일로,교통정보센터
379,제주특별자치도 제주시 일도일동 1149-3,3지형,교통정보센터
380,제주특별자치도 제주시 일도이동 994-29,4지형,교통정보센터
381,제주특별자치도 제주시 일도이동 982-1,단일로,교통정보센터
382,제주특별자치도 제주시 건입동 1045-1,5지형,교통정보센터
383,제주특별자치도 제주시 일도이동 141-31,3지형,교통정보센터
384,제주특별자치도 제주시 건입동 561-9,3지형,교통정보센터
385,제주특별자치도 제주시 건입동 568-2,단일로,교통정보센터
386,제주특별자치도 제주시 일도이동 602-3,3지형,교통정보센터
387,제주특별자치도 제주시 건입동 657-9,4지형,교통정보센터
388,제주특별자치도 제주시 아라일동 6088,4지형,교통정보센터
389,제주특별자치도 제주시 아라일동 6098,4지형,교통정보센터
390,제주특별자치도 제주시 아라일동 884-2,4지형,교통정보센터
391,제주특별자치도 제주시 아라이동 1541-2,3지형,교통정보센터
392,제주특별자치도 제주시 아라일동 6135,4지형,교통정보센터
393,제주특별자치도 제주시 아라일동 6127-5,4지형,교통정보센터
394,제주특별자치도 제주시 영평동 2458-1,3지형,교통정보센터
395,제주특별자치도 제주시 영평동 1830-12,3지형,교통정보센터
396,제주특별자치도 제주시 영평동 1877-7,3지형,교통정보센터
397,제주특별자치도 제주시 영평동 2008-8,3지형,교통정보센터
398,제주특별자치도 제주시 영평동 2037-16,4지형,교통정보센터
399,제주특별자치도 제주시 영평동 2146-3,4지형,교통정보센터
400,제주특별자치도 제주시 영평동 2165-2,3지형,교통정보센터
401,제주특별자치도 제주시 영평동 2169-10,4지형,교통정보센터
402,제주특별자치도 제주시 영평동 2180,4지형,교통정보센터
403,제주특별자치도 제주시 영평동 2187-1,4지형,교통정보센터
404,제주특별자치도 제주시 영평동 2187-6(건너편),3지형,교통정보센터
405,제주특별자치도 제주시 영평동 2238,3지형,교통정보센터
406,제주특별자치도 제주시 월평동 717-2,3지형,교통정보센터
407,제주특별자치도 제주시 이도이동 1994-2,4지형,교통정보센터
408,제주특별자치도 제주시 이도이동 1972-1,4지형,교통정보센터
409,제주특별자치도 제주시 이도이동 438,4지형,교통정보센터
410,제주특별자치도 제주시 일도이동 109-20,4지형,교통정보센터
411,제주특별자치도 제주시 이도이동 271-1,단일로,교통정보센터
412,제주특별자치도 제주시 일도이동 113-7,4지형,교통정보센터
413,제주특별자치도 제주시 아라이동 3014-10,3지형,교통정보센터
414,제주특별자치도 제주시 아라이동 3003-9,3지형,교통정보센터
415,제주특별자치도 제주시 이도이동 1951-1,3지형,교통정보센터
416,제주특별자치도 제주시 이도이동 1951-10,3지형,교통정보센터
417,제주특별자치도 제주시 영평동 2673-2,3지형,교통정보센터
418,제주특별자치도 제주시 도남동 737-3,3지형,교통정보센터
419,제주특별자치도 제주시 도남동 749,3지형,교통정보센터
420,제주특별자치도 제주시 도남동 663-16(건너편),3지형,교통정보센터
421,제주특별자치도 제주시 도남동 126-6,3지형,교통정보센터
422,제주특별자치도 제주시 도남동 747-1,3지형,교통정보센터
423,제주특별자치도 제주시 이도이동 2033,3지형,교통정보센터
424,제주특별자치도 제주시 이도이동 1925,4지형,교통정보센터
425,제주특별자치도 제주시 이도이동 2034-9,4지형,교통정보센터
426,제주특별자치도 제주시 이도이동 2038,3지형,교통정보센터
427,제주특별자치도 제주시 이도이동 2043-6,3지형,교통정보센터
428,제주특별자치도 제주시 화북일동 12-2,단일로,교통정보센터
429,제주특별자치도 제주시 화북일동 1054-15,3지형,교통정보센터
430,제주특별자치도 제주시 화북일동 1004-3,4지형,교통정보센터
431,제주특별자치도 제주시 도련일동 1938-2,4지형,교통정보센터
432,제주특별자치도 제주시 삼양이동 2315,단일로,교통정보센터
433,제주특별자치도 제주시 삼양이동 2332-2,4지형,교통정보센터
434,제주특별자치도 제주시 도련이동 532-11,3지형,교통정보센터
435,제주특별자치도 제주시 삼양이동 1472-1,3지형,교통정보센터
436,제주특별자치도 제주시 화북이동 969-5,4지형,교통정보센터
437,제주특별자치도 제주시 화북일동 1023-2,4지형,교통정보센터
438,제주특별자치도 제주시 화북일동 1012-2,단일로,교통정보센터
439,제주특별자치도 제주시 도련일동 1978-4,4지형,교통정보센터
440,제주특별자치도 제주시 도련일동 1895-1,단일로,교통정보센터
441,제주특별자치도 제주시 도련이동 550,3지형,교통정보센터
442,제주특별자치도 제주시 도련일동 1895-1,단일로,교통정보센터
443,제주특별자치도 제주시 조천읍 신촌리 3097-9,단일로,교통정보센터
444,제주특별자치도 제주시 조천읍 신촌리 2602-4,3지형,교통정보센터
445,제주특별자치도 제주시 조천읍 신촌리 3164-2,3지형,교통정보센터
446,제주특별자치도 제주시 조천읍 신촌리 3160-16,3지형,교통정보센터
447,제주특별자치도 제주시 조천읍 신촌리 2617-1,3지형,교통정보센터
448,제주특별자치도 제주시 조천읍 신촌리 2608-4,4지형,교통정보센터
449,제주특별자치도 제주시 조천읍 신촌리 1737-5,4지형,교통정보센터
450,제주특별자치도 제주시 조천읍 신촌리 690-3,4지형,교통정보센터
451,제주특별자치도 제주시 조천읍 조천리 2307-3,5지형,교통정보센터
452,제주특별자치도 제주시 조천읍 조천리 1353-2,4지형,교통정보센터
453,제주특별자치도 제주시 조천읍 조천리 606-1,3지형,교통정보센터
454,제주특별자치도 제주시 조천읍 조천리 669-1,3지형,교통정보센터
455,제주특별자치도 제주시 조천읍 함덕리 3628-1,4지형,교통정보센터
456,제주특별자치도 제주시 조천읍 함덕리 3592-3,단일로,교통정보센터
457,제주특별자치도 제주시 조천읍 함덕리 2790-4,4지형,교통정보센터
458,제주특별자치도 제주시 조천읍 함덕리 2810-1,4지형,교통정보센터
459,제주특별자치도 제주시 조천읍 함덕리 1555-1,4지형,교통정보센터
460,제주특별자치도 제주시 조천읍 함덕리 1577-1,4지형,교통정보센터
461,제주특별자치도 제주시 조천읍 함덕리 916-1,4지형,교통정보센터
462,제주특별자치도 제주시 조천읍 함덕리 72-156,4지형,교통정보센터
463,제주특별자치도 제주시 조천읍 함덕리 287-2,단일로,교통정보센터
464,제주특별자치도 제주시 조천읍 함덕리 4148-7,4지형,교통정보센터
465,제주특별자치도 제주시 조천읍 함덕리 272-63,4지형,교통정보센터
466,제주특별자치도 제주시 조천읍 북촌리 1563-4,3지형,교통정보센터
467,제주특별자치도 제주시 조천읍 북촌리 1255,3지형,교통정보센터
468,제주특별자치도 제주시 조천읍 북촌리 626-5,3지형,교통정보센터
469,제주특별자치도 제주시 조천읍 북촌리 360-5,단일로,교통정보센터
470,제주특별자치도 제주시 구좌읍 동복리 1650-2,3지형,교통정보센터
471,제주특별자치도 제주시 조천읍 신촌리 2682-2,4지형,교통정보센터
472,제주특별자치도 제주시 조천읍 신촌리 2715-6,4지형,교통정보센터
473,제주특별자치도 제주시 조천읍 신촌리 1661-6,4지형,교통정보센터
474,제주특별자치도 제주시 조천읍 조천리 2061-5,4지형,교통정보센터
475,제주특별자치도 제주시 조천읍 조천리 1610-2,4지형,교통정보센터
476,제주특별자치도 제주시 조천읍 조천리 1515-36,4지형,교통정보센터
477,제주특별자치도 제주시 조천읍 함덕리 4066-8,4지형,교통정보센터
478,제주특별자치도 제주시 조천읍 함덕리 2454-5,4지형,교통정보센터
479,제주특별자치도 제주시 조천읍 함덕리 1748-4,4지형,교통정보센터
480,제주특별자치도 제주시 조천읍 함덕리 830-4,4지형,교통정보센터
481,제주특별자치도 제주시 조천읍 함덕리 71-4,4지형,교통정보센터
482,제주특별자치도 제주시 조천읍 북촌리 1830-2,4지형,교통정보센터
483,제주특별자치도 제주시 조천읍 북촌리 874-1,4지형,교통정보센터
484,제주특별자치도 제주시 조천읍 북촌리 740-48,4지형,교통정보센터
485,제주특별자치도 제주시 조천읍 북촌리 205-1,4지형,교통정보센터
486,제주특별자치도 제주시 구좌읍 동복리 1696-16,4지형,교통정보센터
487,제주특별자치도 제주시 구좌읍 동복리 1429-7,4지형,교통정보센터
488,제주특별자치도 제주시 구좌읍 동복리 1359-6,4지형,교통정보센터
489,제주특별자치도 제주시 구좌읍 동복리 1348,단일로,교통정보센터
490,제주특별자치도 제주시 구좌읍 동복리 757-10,3지형,교통정보센터
491,제주특별자치도 제주시 구좌읍 김녕리 4196,3지형,교통정보센터
492,제주특별자치도 제주시 구좌읍 김녕리 4167,3지형,교통정보센터
493,제주특별자치도 제주시 구좌읍 김녕리 2546,4지형,교통정보센터
494,제주특별자치도 제주시 구좌읍 김녕리 1788-6,4지형,교통정보센터
495,제주특별자치도 제주시 구좌읍 김녕리 1768-1,3지형,교통정보센터
496,제주특별자치도 제주시 구좌읍 김녕리 365,3지형,교통정보센터
497,제주특별자치도 제주시 구좌읍 월정리 1823-4,4지형,교통정보센터
498,제주특별자치도 제주시 구좌읍 월정리 214-6,3지형,교통정보센터
499,제주특별자치도 제주시 구좌읍 월정리 224-10,3지형,교통정보센터
500,제주특별자치도 제주시 구좌읍 행원리 1180-2,4지형,교통정보센터
501,제주특별자치도 제주시 구좌읍 한동리 4849-11,3지형,교통정보센터
502,제주특별자치도 제주시 구좌읍 한동리 1536-1,3지형,교통정보센터
503,제주특별자치도 제주시 구좌읍 한동리 1064-4,4지형,교통정보센터
504,제주특별자치도 제주시 구좌읍 한동리 1182-2,4지형,교통정보센터
505,제주특별자치도 제주시 구좌읍 한동리 34-2,4지형,교통정보센터
506,제주특별자치도 제주시 구좌읍 평대리 649-9,4지형,교통정보센터
507,제주특별자치도 제주시 구좌읍 평대리 157-3,3지형,교통정보센터
508,제주특별자치도 제주시 구좌읍 세화리 1553-5,3지형,교통정보센터
509,제주특별자치도 제주시 구좌읍 세화리 1305-4,4지형,교통정보센터
510,제주특별자치도 제주시 구좌읍 세화리 1283-2,단일로,교통정보센터
511,제주특별자치도 제주시 구좌읍 세화리 63-1,4지형,교통정보센터
512,제주특별자치도 제주시 구좌읍 하도리 2751-3,3지형,교통정보센터
513,제주특별자치도 제주시 구좌읍 하도리 2705-11,단일로,교통정보센터
514,제주특별자치도 제주시 구좌읍 하도리 2265-6,3지형,교통정보센터
515,제주특별자치도 제주시 구좌읍 하도리 산11,4지형,교통정보센터
516,제주특별자치도 제주시 구좌읍 종달리 2742-1,4지형,교통정보센터
517,제주특별자치도 제주시 구좌읍 종달리 1869-5,4지형,교통정보센터
518,제주특별자치도 제주시 구좌읍 종달리 2004-2,3지형,교통정보센터
519,제주특별자치도 제주시 조천읍 교래리 산25,4지형,교통정보센터
520,제주특별자치도 제주시 봉개동 산53,3지형,교통정보센터
521,제주특별자치도 제주시 조천읍 교래리 산60-5,4지형,교통정보센터
522,제주특별자치도 제주시 구좌읍 송당리 1572-11,4지형,교통정보센터
523,제주특별자치도 제주시 외도일동 2023-5,3지형,교통정보센터
524,제주특별자치도 제주시 건입동 674,3지형,교통정보센터
525,제주특별자치도 제주시 노형동 3598-2,단일로,교통정보센터
526,제주특별자치도 제주시 삼도이동 1261-15,단일로,교통정보센터
527,제주특별자치도 제주시 건입동 1388-12,단일로,교통정보센터
528,제주특별자치도 제주시 건입동 882-11,단일로,교통정보센터
529,제주특별자치도 제주시 애월읍 곽지리 1666-2,단일로,교통정보센터
530,제주특별자치도 제주시 일도이동 113-8,단일로,교통정보센터
531,제주특별자치도 제주시 회천동 1781-6,단일로,교통정보센터
532,제주특별자치도 제주시 이도일동 1789-5,단일로,교통정보센터
533,제주특별자치도 제주시 삼양일동 1256-1,단일로,교통정보센터
534,제주특별자치도 제주시 도련일동 1911,4지형,교통정보센터
535,제주특별자치도 제주시 구좌읍 종달리 1838-3,단일로,교통정보센터
536,제주특별자치도 제주시 구좌읍 평대리 1828-2,4지형,교통정보센터
537,제주특별자치도 제주시 일도이동 140,단일로,교통정보센터
538,제주특별자치도 제주시 영평동 2742-3,단일로,교통정보센터
539,제주특별자치도 제주시 영평동 1918-1,3지형,교통정보센터
540,제주특별자치도 제주시 영평동 2662-12,4지형,교통정보센터
541,제주특별자치도 제주시 구좌읍 하도리 2252-2,단일로,교통정보센터
542,제주특별자치도 제주시 구좌읍 종달리 1659-43,3지형,교통정보센터
543,제주특별자치도 제주시 일도일동 1385-3,단일로,교통정보센터
544,제주특별자치도 제주시 노형동 732-2,단일로,교통정보센터
545,제주특별자치도 제주시 연동 1478,단일로,교통정보센터
546,제주특별자치도 제주시 월평동 480-1,4지형,교통정보센터
547,제주특별자치도 제주시 용강동 848-3,4지형,교통정보센터
548,제주특별자치도 제주시 삼도이동 1227-8,3지형,교통정보센터
549,제주특별자치도 제주시 이호이동 115-3,4지형,교통정보센터
550,제주특별자치도 제주시 한경면 저지리 1521-8,4지형,교통정보센터
551,제주특별자치도 제주시 용담이동 2708-3,단일로,교통정보센터
552,제주특별자치도 제주시 봉개동 2647-2,단일로,교통정보센터
553,제주특별자치도 제주시 조천읍 북촌리 694-6,3지형,교통정보센터
554,제주특별자치도 제주시 아라일동 376-2,3지형,교통정보센터
555,제주특별자치도 제주시 아라일동 2377-3,3지형,교통정보센터
556,제주특별자치도 제주시 도련일동 1972-1,단일로,교통정보센터
557,제주특별자치도 제주시 구좌읍 동복리 1706-8,3지형,교통정보센터
558,제주특별자치도 제주시 구좌읍 김녕리 3343,3지형,교통정보센터
559,제주특별자치도 제주시 용담일동 232-1,단일로,교통정보센터
560,제주특별자치도 제주시 구좌읍 하도리 1220-2,3지형,교통정보센터
561,제주특별자치도 제주시 구좌읍 상도리 466-6,4지형,교통정보센터
562,제주특별자치도 제주시 애월읍 애월리 1451-1,4지형,교통정보센터
563,제주특별자치도 제주시 삼도이동 902-2,단일로,교통정보센터
564,제주특별자치도 제주시 노형동 1534,3지형,교통정보센터
565,제주특별자치도 제주시 오등동 626-5,4지형,교통정보센터
566,제주특별자치도 제주시 일도이동 993-11,단일로,교통정보센터
567,제주특별자치도 제주시 이도이동 415-5,단일로,교통정보센터
568,제주특별자치도 제주시 구좌읍 하도리 2321-3,단일로,교통정보센터
569,제주특별자치도 제주시 아라이동 945-1,4지형,교통정보센터
570,제주특별자치도 제주시 도평동 15-3,단일로,교통정보센터
571,제주특별자치도 제주시 연동 2476,4지형,교통정보센터
572,제주특별자치도 제주시 봉개동 2579-2,단일로,교통정보센터
573,제주특별자치도 제주시 도두이동 50-3,3지형,교통정보센터
574,제주특별자치도 제주시 도두이동 353-3,4지형,교통정보센터
575,제주특별자치도 제주시 도두이동 1161-8,4지형,교통정보센터
576,제주특별자치도 제주시 도련일동 1586-5,4지형,교통정보센터
577,제주특별자치도 제주시 도련일동 1215-1,3지형,교통정보센터
578,제주특별자치도 제주시 영평동 2763-1,단일로,교통정보센터
579,제주특별자치도 제주시 오라이동 1212-1,단일로,교통정보센터
580,제주특별자치도 제주시 오라삼동 2271-7,4지형,교통정보센터
581,제주특별자치도 제주시 오라삼동 2744-1,3지형,교통정보센터
582,제주특별자치도 제주시 구좌읍 월정리 1831-1,3지형,교통정보센터
583,제주특별자치도 제주시 내도동 577-2,단일로,교통정보센터
584,제주특별자치도 제주시 일도2동 153-5,단일로,교통정보센터
585,제주특별자치도 제주시 도련일동 1977-5,4지형,교통정보센터
586,제주특별자치도 제주시 한림읍 협재리 2472-1,단일로,교통정보센터
587,제주특별자치도 제주시 애월읍 하귀2리 1750-3,단일로,교통정보센터
588,제주특별자치도 제주시 영평동 2450-14,4지형,교통정보센터
589,제주특별자치도 제주시 조천읍 신촌리 1830-4,단일로,교통정보센터
590,제주특별자치도 제주시 조천읍 함덕리 4157,4지형,교통정보센터
591,제주특별자치도 제주시 도평동 23-1,4지형,교통정보센터
592,제주특별자치도 제주시 한림읍 한림리 1471-7,단일로,교통정보센터
593,제주특별자치도 제주시 연동 1510-5,단일로,교통정보센터
594,제주특별자치도 제주시 노형동 1243-15,4지형,교통정보센터
595,제주특별자치도 제주시 용담이동 881-25,단일로,교통정보센터
596,제주특별자치도 제주시 용담이동 850,단일로,교통정보센터
597,제주특별자치도 제주시 오라이동 885-1,3지형,교통정보센터
598,제주특별자치도 제주시 한림읍 귀덕리 1173,단일로,교통정보센터
599,제주특별자치도 제주시 도두이동 371-2,3지형,교통정보센터
600,제주특별자치도 제주시 해안동 1975-7,단일로,교통정보센터
601,제주특별자치도 제주시 연동 301-1,단일로,교통정보센터
602,제주특별자치도 제주시 이도일동 1260-13,단일로,교통정보센터
603,제주특별자치도 제주시 건입동 918-56,3지형,교통정보센터
604,제주특별자치도 제주시 아라일동 370-13,3지형,교통정보센터
605,제주특별자치도 제주시 조천읍 교래리 385-7,3지형,교통정보센터
606,제주특별자치도 제주시 한림읍 한림리 398-1,4지형,교통정보센터
607,제주특별자치도 제주시 한림읍 동명리 663,3지형,교통정보센터
608,제주특별자치도 제주시 구좌읍 김녕리 1702-1,단일로,교통정보센터
609,제주특별자치도 제주시 아라일동 6099,단일로,교통정보센터
610,제주특별자치도 제주시 조천읍 대흘리 1654-5,단일로,교통정보센터
611,제주특별자치도 제주시 구좌읍 동복로 68-1,단일로,교통정보센터
612,제주특별자치도 제주시 화북일동 1221-13,단일로,교통정보센터
613,제주특별자치도 제주시 조천읍 조천리 3147-7,단일로,교통정보센터
614,제주특별자치도 제주시 연동 293-36,단일로,교통정보센터
615,제주특별자치도 제주시 한경면 신창리 1077-5,3지형,교통정보센터
616,제주특별자치도 제주시 구좌읍 월정리 130-13,단일로,교통정보센터
617,제주특별자치도 제주시 구좌읍 세화리 1393-4,단일로,교통정보센터
618,제주특별자치도 제주시 구좌읍 송당리 1261-1,단일로,교통정보센터
619,제주특별자치도 제주시 구좌읍 송당리 1363,단일로,교통정보센터
620,제주특별자치도 제주시 한림읍 대림리 1147-2,단일로,교통정보센터
621,제주특별자치도 제주시 애월읍 봉성리 3820-8,단일로,교통정보센터
622,제주특별자치도 제주시 용담일동 251-22,단일로,교통정보센터
623,제주특별자치도 제주시 오라이동 966-1,3지형,교통정보센터
624,제주특별자치도 제주시 삼도2동 54,단일로,교통정보센터
625,제주특별자치도 제주시 용담2동 647-5,단일로,교통정보센터
626,제주특별자치도 제주시 일도1동 1476-49,단일로,교통정보센터
627,제주특별자치도 제주시 월평동 1355-3,4지형,교통정보센터
628,제주특별자치도 제주시 아라2동 3012-80,단일로,교통정보센터
629,제주특별자치도 제주시 연동 324-19,단일로,교통정보센터
630,제주특별자치도 제주시 한림읍 동명리 783-1,단일로,교통정보센터
631,제주특별자치도 제주시 오라삼동 2995-6,4지형,교통정보센터
632,제주특별자치도 제주시 오라2동 957-9,4지형,교통정보센터
633,제주특별자치도 제주시 하귀1리 745-4번지,3지형,교통정보센터
634,제주특별자치도 제주시 조천읍 교래리 559-2,단일로,교통정보센터
635,제주특별자치도 제주시 삼양이동 2181-33,4지형,교통정보센터
636,제주특별자치도 제주시 삼양이동 2181-27,단일로,교통정보센터
637,제주특별자치도 제주시 애월읍 애월로 151,3지형,교통정보센터
638,제주특별자치도 제주시 한경면 청수리 417-2,단일로,교통정보센터
639,제주특별자치도 제주시 용담이동 599-4,3지형,교통정보센터
640,제주특별자치도 서귀포시 서홍동 441-17,4지형,교통정보센터
641,제주특별자치도 서귀포시 서귀동 287-3,3지형,교통정보센터
642,제주특별자치도 서귀포시 서귀동 283-38,4지형,교통정보센터
643,제주특별자치도 서귀포시 동홍동 1503-11,단일로,교통정보센터
644,제주특별자치도 서귀포시 동홍동 1539-5,단일로,교통정보센터
645,제주특별자치도 서귀포시 동홍동 447-2,4지형,교통정보센터
646,제주특별자치도 서귀포시 동홍동 120-7,4지형,교통정보센터
647,제주특별자치도 서귀포시 동홍동 130-1,4지형,교통정보센터
648,제주특별자치도 서귀포시 토평동 825-5,5지형,교통정보센터
649,제주특별자치도 서귀포시 토평동 853-1,단일로,교통정보센터
650,제주특별자치도 서귀포시 토평동 1046-2,4지형,교통정보센터
651,제주특별자치도 서귀포시 토평동 241-2,4지형,교통정보센터
652,제주특별자치도 서귀포시 하효동 151-2,단일로,교통정보센터
653,제주특별자치도 서귀포시 신효동 918-1,4지형,교통정보센터
654,제주특별자치도 서귀포시 하효동 755-4,3지형,교통정보센터
655,제주특별자치도 서귀포시 하효동 631-6,4지형,교통정보센터
656,제주특별자치도 서귀포시 하효동 674-1,4지형,교통정보센터
657,제주특별자치도 서귀포시 하효동 281-3,3지형,교통정보센터
658,제주특별자치도 서귀포시 남원읍 하례리 330-2,4지형,교통정보센터
659,제주특별자치도 서귀포시 남원읍 하례리 322,단일로,교통정보센터
660,제주특별자치도 서귀포시 남원읍 하례리 314-1,3지형,교통정보센터
661,제주특별자치도 서귀포시 남원읍 신례리 2191-15,4지형,교통정보센터
662,제주특별자치도 서귀포시 남원읍 위미리 4114-2,3지형,교통정보센터
663,제주특별자치도 서귀포시 남원읍 위미리 3263-6,3지형,교통정보센터
664,제주특별자치도 서귀포시 남원읍 위미리 3111,단일로,교통정보센터
665,제주특별자치도 서귀포시 남원읍 위미리 3325-12,4지형,교통정보센터
666,제주특별자치도 서귀포시 남원읍 위미리 2795,4지형,교통정보센터
667,제주특별자치도 서귀포시 남원읍 위미리 1967-7,4지형,교통정보센터
668,제주특별자치도 서귀포시 남원읍 위미리 4600-1,4지형,교통정보센터
669,제주특별자치도 서귀포시 남원읍 위미리 257-3,4지형,교통정보센터
670,제주특별자치도 서귀포시 남원읍 남원리 1534-2,4지형,교통정보센터
671,제주특별자치도 서귀포시 남원읍 남원리 1253-22,4지형,교통정보센터
672,제주특별자치도 서귀포시 남원읍 남원리 162-17,4지형,교통정보센터
673,제주특별자치도 서귀포시 남원읍 남원리 225-12,4지형,교통정보센터
674,제주특별자치도 서귀포시 남원읍 남원리 7-5,4지형,교통정보센터
675,제주특별자치도 서귀포시 남원읍 태흥리 1710-3,4지형,교통정보센터
676,제주특별자치도 서귀포시 남원읍 태흥리 1296-3,4지형,교통정보센터
677,제주특별자치도 서귀포시 남원읍 태흥리 909-1,4지형,교통정보센터
678,제주특별자치도 서귀포시 남원읍 태흥리 587-3,4지형,교통정보센터
679,제주특별자치도 서귀포시 남원읍 태흥리 304-1,4지형,교통정보센터
680,제주특별자치도 서귀포시 남원읍 태흥리 358-2,3지형,교통정보센터
681,제주특별자치도 서귀포시 남원읍 태흥리 121-5,3지형,교통정보센터
682,제주특별자치도 서귀포시 남원읍 신흥리 174-1,단일로,교통정보센터
683,제주특별자치도 서귀포시 남원읍 신흥리 166-1,4지형,교통정보센터
684,제주특별자치도 서귀포시 남원읍 신흥리 114,단일로,교통정보센터
685,제주특별자치도 서귀포시 표선면 토산리 439-7,3지형,교통정보센터
686,제주특별자치도 서귀포시 표선면 토산리 428-3,4지형,교통정보센터
687,제주특별자치도 서귀포시 표선면 토산리 72-3,3지형,교통정보센터
688,제주특별자치도 서귀포시 표선면 토산리 63-1,3지형,교통정보센터
689,제주특별자치도 서귀포시 표선면 세화리 1522-7,3지형,교통정보센터
690,제주특별자치도 서귀포시 표선면 세화리 303-6,4지형,교통정보센터
691,제주특별자치도 서귀포시 표선면 표선리 2925-4,3지형,교통정보센터
692,제주특별자치도 서귀포시 표선면 표선리 2430-2,3지형,교통정보센터
693,제주특별자치도 서귀포시 표선면 표선리 2165-5,4지형,교통정보센터
694,제주특별자치도 서귀포시 표선면 표선리 2070,4지형,교통정보센터
695,제주특별자치도 서귀포시 표선면 표선리 307-1,4지형,교통정보센터
696,제주특별자치도 서귀포시 표선면 표선리 85-2,3지형,교통정보센터
697,제주특별자치도 서귀포시 표선면 하천리 16-1,4지형,교통정보센터
698,제주특별자치도 서귀포시 성산읍 신천리 518-2,4지형,교통정보센터
699,제주특별자치도 서귀포시 성산읍 신풍리 85-1,4지형,교통정보센터
700,제주특별자치도 서귀포시 성산읍 삼달리 29-3,4지형,교통정보센터
701,제주특별자치도 서귀포시 성산읍 신산리 1155-1,4지형,교통정보센터
702,제주특별자치도 서귀포시 성산읍 신산리 1044-4,단일로,교통정보센터
703,제주특별자치도 서귀포시 성산읍 신산리 533-6,5지형,교통정보센터
704,제주특별자치도 서귀포시 성산읍 신산리 680-6,3지형,교통정보센터
705,제주특별자치도 서귀포시 성산읍 온평리 1552-2,3지형,교통정보센터
706,제주특별자치도 서귀포시 성산읍 온평리 1578-1,4지형,교통정보센터
707,제주특별자치도 서귀포시 성산읍 온평리 521-2,3지형,교통정보센터
708,제주특별자치도 서귀포시 성산읍 온평리 593-5,4지형,교통정보센터
709,제주특별자치도 서귀포시 성산읍 고성리 1747,4지형,교통정보센터
710,제주특별자치도 서귀포시 성산읍 고성리 1021-3,3지형,교통정보센터
711,제주특별자치도 서귀포시 성산읍 고성리 1017,4지형,교통정보센터
712,제주특별자치도 서귀포시 성산읍 고성리 1101-3,4지형,교통정보센터
713,제주특별자치도 서귀포시 성산읍 고성리 1178-4,4지형,교통정보센터
714,제주특별자치도 서귀포시 성산읍 오조리 932,5지형,교통정보센터
715,제주특별자치도 서귀포시 성산읍 오조리 664-5,4지형,교통정보센터
716,제주특별자치도 서귀포시 성산읍 오조리 1307-1,3지형,교통정보센터
717,제주특별자치도 서귀포시 성산읍 오조리 446,3지형,교통정보센터
718,제주특별자치도 서귀포시 성산읍 시흥리 281-2,3지형,교통정보센터
719,제주특별자치도 서귀포시 성산읍 시흥리 792,4지형,교통정보센터
720,제주특별자치도 서귀포시 성산읍 시흥리 1206-1,3지형,교통정보센터
721,제주특별자치도 서귀포시 강정동 231-2,3지형,교통정보센터
722,제주특별자치도 서귀포시 강정동 234-2,3지형,교통정보센터
723,제주특별자치도 서귀포시 법환동 1650,3지형,교통정보센터
724,제주특별자치도 서귀포시 강정동 1305 (건너편),3지형,교통정보센터
725,제주특별자치도 서귀포시 강정동 199-1,3지형,교통정보센터
726,제주특별자치도 서귀포시 강정동 210,4지형,교통정보센터
727,제주특별자치도 서귀포시 강정동 190,4지형,교통정보센터
728,제주특별자치도 서귀포시 서귀동 301-16,단일로,교통정보센터
729,제주특별자치도 서귀포시 서홍동 442-8,4지형,교통정보센터
730,제주특별자치도 서귀포시 서귀동 332-3,단일로,교통정보센터
731,제주특별자치도 서귀포시 서홍동 1212-9,4지형,교통정보센터
732,제주특별자치도 서귀포시 서홍동 1352-1,3지형,교통정보센터
733,제주특별자치도 서귀포시 호근동 690-4,3지형,교통정보센터
734,제주특별자치도 서귀포시 서호동 23-2,3지형,교통정보센터
735,제주특별자치도 서귀포시 서호동 140-7,4지형,교통정보센터
736,제주특별자치도 서귀포시 서호동 1549,4지형,교통정보센터
737,제주특별자치도 서귀포시 법환동 730-3,3지형,교통정보센터
738,제주특별자치도 서귀포시 법환동 751,3지형,교통정보센터
739,제주특별자치도 서귀포시 강정동 176,3지형,교통정보센터
740,제주특별자치도 서귀포시 강정동 249-1,3지형,교통정보센터
741,제주특별자치도 서귀포시 강정동 222-4,단일로,교통정보센터
742,제주특별자치도 서귀포시 강정동 1252-3,3지형,교통정보센터
743,제주특별자치도 서귀포시 강정동 2145-1,3지형,교통정보센터
744,제주특별자치도 서귀포시 강정동 4047-7,3지형,교통정보센터
745,제주특별자치도 서귀포시 도순동 266-5,3지형,교통정보센터
746,제주특별자치도 서귀포시 도순동 891-1,3지형,교통정보센터
747,제주특별자치도 서귀포시 하원동 388-5,4지형,교통정보센터
748,제주특별자치도 서귀포시 하원동 403-4,4지형,교통정보센터
749,제주특별자치도 서귀포시 대포동 527-5,3지형,교통정보센터
750,제주특별자치도 서귀포시 회수동 555-3,3지형,교통정보센터
751,제주특별자치도 서귀포시 중문동 1829-6,4지형,교통정보센터
752,제주특별자치도 서귀포시 중문동 1379-4,4지형,교통정보센터
753,제주특별자치도 서귀포시 색달동 2309-5,3지형,교통정보센터
754,제주특별자치도 서귀포시 중문동 1978-4,단일로,교통정보센터
755,제주특별자치도 서귀포시 색달동 2522-3,4지형,교통정보센터
756,제주특별자치도 서귀포시 색달동 2276-1,3지형,교통정보센터
757,제주특별자치도 서귀포시 색달동 2083-2,4지형,교통정보센터
758,제주특별자치도 서귀포시 상예동 1717-6,4지형,교통정보센터
759,제주특별자치도 서귀포시 상예동 1719-5,3지형,교통정보센터
760,제주특별자치도 서귀포시 상예동 3592-8,4지형,교통정보센터
761,제주특별자치도 서귀포시 상예동 4631-9,단일로,교통정보센터
762,제주특별자치도 서귀포시 안덕면 상창리 623-3,3지형,교통정보센터
763,제주특별자치도 서귀포시 안덕면 상창리 1282-1,3지형,교통정보센터
764,제주특별자치도 서귀포시 안덕면 상창리 1219-9,4지형,교통정보센터
765,제주특별자치도 서귀포시 안덕면 상창리 2014,3지형,교통정보센터
766,제주특별자치도 서귀포시 안덕면 창천리 155-7 (건너편),3지형,교통정보센터
767,제주특별자치도 서귀포시 안덕면 창천리 480-5,4지형,교통정보센터
768,제주특별자치도 서귀포시 안덕면 창천리 410-1,4지형,교통정보센터
769,제주특별자치도 서귀포시 안덕면 창천리 420-3,4지형,교통정보센터
770,제주특별자치도 서귀포시 안덕면 감산리 132-3,3지형,교통정보센터
771,제주특별자치도 서귀포시 안덕면 감산리 299-2,3지형,교통정보센터
772,제주특별자치도 서귀포시 안덕면 감산리 349-2,3지형,교통정보센터
773,제주특별자치도 서귀포시 안덕면 감산리 360-1,3지형,교통정보센터
774,제주특별자치도 서귀포시 안덕면 감산리 409,3지형,교통정보센터
775,제주특별자치도 서귀포시 안덕면 감산리 1509-3,3지형,교통정보센터
776,제주특별자치도 서귀포시 안덕면 화순리 141-4,3지형,교통정보센터
777,제주특별자치도 서귀포시 안덕면 화순리 1394,4지형,교통정보센터
778,제주특별자치도 서귀포시 안덕면 화순리 1233-3,5지형,교통정보센터
779,제주특별자치도 서귀포시 안덕면 화순리 233,4지형,교통정보센터
780,제주특별자치도 서귀포시 안덕면 화순리 1052-10,4지형,교통정보센터
781,제주특별자치도 서귀포시 안덕면 화순리 1987,4지형,교통정보센터
782,제주특별자치도 서귀포시 안덕면 화순리 1989,3지형,교통정보센터
783,제주특별자치도 서귀포시 안덕면 사계리 3602-5,3지형,교통정보센터
784,제주특별자치도 서귀포시 안덕면 덕수리 산 27-2,3지형,교통정보센터
785,제주특별자치도 서귀포시 안덕면 덕수리 665-3,4지형,교통정보센터
786,제주특별자치도 서귀포시 안덕면 덕수리 2369-5,4지형,교통정보센터
787,제주특별자치도 서귀포시 안덕면 사계리 757-5,4지형,교통정보센터
788,제주특별자치도 서귀포시 안덕면 사계리 1030-1,3지형,교통정보센터
789,제주특별자치도 서귀포시 대정읍 안성리 213-4,3지형,교통정보센터
790,제주특별자치도 서귀포시 대정읍 안성리 1447-8,4지형,교통정보센터
791,제주특별자치도 서귀포시 대정읍 안성리 1496-3,단일로,교통정보센터
792,제주특별자치도 서귀포시 대정읍 인성리 268-1,4지형,교통정보센터
793,제주특별자치도 서귀포시 대정읍 인성리 276-3,4지형,교통정보센터
794,제주특별자치도 서귀포시 대정읍 인성리 264-9,3지형,교통정보센터
795,제주특별자치도 서귀포시 대정읍 인성리 368-7,5지형,교통정보센터
796,제주특별자치도 서귀포시 대정읍 인성리 396-4,4지형,교통정보센터
797,제주특별자치도 서귀포시 대정읍 인성리 624-118,4지형,교통정보센터
798,제주특별자치도 서귀포시 대정읍 상모리 3396-1,4지형,교통정보센터
799,제주특별자치도 서귀포시 대정읍 상모리 3376-1,4지형,교통정보센터
800,제주특별자치도 서귀포시 대정읍 상모리 3689-2,3지형,교통정보센터
801,제주특별자치도 서귀포시 대정읍 상모리 3723-1,단일로,교통정보센터
802,제주특별자치도 서귀포시 대정읍 하모리 1389-5,4지형,교통정보센터
803,제주특별자치도 서귀포시 대정읍 하모리 1414-1,4지형,교통정보센터
804,제주특별자치도 서귀포시 대정읍 동일리 2905-3,4지형,교통정보센터
805,제주특별자치도 서귀포시 대정읍 일과리 97-1,4지형,교통정보센터
806,제주특별자치도 서귀포시 대정읍 일과리 1187-10,3지형,교통정보센터
807,제주특별자치도 서귀포시 대정읍 일과리 1110-10,4지형,교통정보센터
808,제주특별자치도 서귀포시 대정읍 일과리 849-4,3지형,교통정보센터
809,제주특별자치도 서귀포시 대정읍 일과리 1471-3,4지형,교통정보센터
810,제주특별자치도 서귀포시 대정읍 일과리 1493-3,4지형,교통정보센터
811,제주특별자치도 서귀포시 대정읍 일과리 1516-5,4지형,교통정보센터
812,제주특별자치도 서귀포시 대정읍 영락리 564-4,4지형,교통정보센터
813,제주특별자치도 서귀포시 대정읍 영락리 833-6,4지형,교통정보센터
814,제주특별자치도 서귀포시 대정읍 영락리 1297-1,4지형,교통정보센터
815,제주특별자치도 서귀포시 대정읍 영락리 1276-2,3지형,교통정보센터
816,제주특별자치도 서귀포시 대정읍 영락리 1269-2,3지형,교통정보센터
817,제주특별자치도 서귀포시 대정읍 영락리 1259-7,3지형,교통정보센터
818,제주특별자치도 서귀포시 대정읍 영락리 1927-8,3지형,교통정보센터
819,제주특별자치도 서귀포시 대정읍 무릉리 3019,4지형,교통정보센터
820,제주특별자치도 서귀포시 대정읍 무릉리 3077-4,단일로,교통정보센터
821,제주특별자치도 서귀포시 대정읍 무릉리 3100-7,4지형,교통정보센터
822,제주특별자치도 서귀포시 대정읍 무릉리 3552-3,4지형,교통정보센터
823,제주특별자치도 서귀포시 대정읍 신도리 1606-1,4지형,교통정보센터
824,제주특별자치도 서귀포시 대정읍 신도리 1735-2,4지형,교통정보센터
825,제주특별자치도 서귀포시 대정읍 신도리 1821-5,3지형,교통정보센터
826,제주특별자치도 서귀포시 대정읍 신도리 1883-7,4지형,교통정보센터
827,제주특별자치도 서귀포시 대정읍 신도리 1877-10,4지형,교통정보센터
828,제주특별자치도 서귀포시 토평동 1283-4,5지형,교통정보센터
829,제주특별자치도 서귀포시 토평동 2270-1,4지형,교통정보센터
830,제주특별자치도 서귀포시 동홍동 944-10,4지형,교통정보센터
831,제주특별자치도 서귀포시 동홍동 1074,4지형,교통정보센터
832,제주특별자치도 서귀포시 동홍동 1682,4지형,교통정보센터
833,제주특별자치도 서귀포시 동홍동 1580-5,4지형,교통정보센터
834,제주특별자치도 서귀포시 서홍동 273-7,4지형,교통정보센터
835,제주특별자치도 서귀포시 서홍동 1651-11,4지형,교통정보센터
836,제주특별자치도 서귀포시 호근동 1170-2,4지형,교통정보센터
837,제주특별자치도 서귀포시 서호동 394-1,4지형,교통정보센터
838,제주특별자치도 서귀포시 서호동 1500-1,3지형,교통정보센터
839,제주특별자치도 서귀포시 서호동 1555,3지형,교통정보센터
840,제주특별자치도 서귀포시 서호동 1134,단일로,교통정보센터
841,제주특별자치도 서귀포시 서호동 1441-4,3지형,교통정보센터
842,제주특별자치도 서귀포시 강정동 108-14,3지형,교통정보센터
843,제주특별자치도 서귀포시 강정동 1500-15,4지형,교통정보센터
844,제주특별자치도 서귀포시 강정동 1905-33,4지형,교통정보센터
845,제주특별자치도 서귀포시 강정동 1925-5,3지형,교통정보센터
846,제주특별자치도 서귀포시 강정동 3436-16,3지형,교통정보센터
847,제주특별자치도 서귀포시 강정동 3801-43,4지형,교통정보센터
848,제주특별자치도 서귀포시 도순동 1134-4,3지형,교통정보센터
849,제주특별자치도 서귀포시 도순동 1203-8,4지형,교통정보센터
850,제주특별자치도 서귀포시 하원동 157,4지형,교통정보센터
851,제주특별자치도 서귀포시 하원동 663-2,4지형,교통정보센터
852,제주특별자치도 서귀포시 회수동 831-2,4지형,교통정보센터
853,제주특별자치도 서귀포시 중문동 1130-1,4지형,교통정보센터
854,제주특별자치도 서귀포시 중문동 1012-4,4지형,교통정보센터
855,제주특별자치도 서귀포시 동홍동 1570-4,3지형,교통정보센터
856,제주특별자치도 서귀포시 서홍동 308-1,4지형,교통정보센터
857,제주특별자치도 서귀포시 서홍동 310-5,단일로,교통정보센터
858,제주특별자치도 서귀포시 동홍동 1460-9,4지형,교통정보센터
859,제주특별자치도 서귀포시 동홍동 1485-8,3지형,교통정보센터
860,제주특별자치도 서귀포시 동홍동 60-4,단일로,교통정보센터
861,제주특별자치도 서귀포시 동홍동 565-18,3지형,교통정보센터
862,제주특별자치도 서귀포시 서홍동 530-7,4지형,교통정보센터
863,제주특별자치도 서귀포시 호근동 464-2,3지형,교통정보센터
864,제주특별자치도 서귀포시 호근동 1547-2,단일로,교통정보센터
865,제주특별자치도 서귀포시 서귀동 724-4,단일로,교통정보센터
866,제주특별자치도 서귀포시 동홍동 2174-4,4지형,교통정보센터
867,제주특별자치도 서귀포시 동홍동 417-9,3지형,교통정보센터
868,제주특별자치도 서귀포시 토평동 3265-6,4지형,교통정보센터
869,제주특별자치도 서귀포시 토평동 2104,3지형,교통정보센터
870,제주특별자치도 서귀포시 토평동 2037-5,4지형,교통정보센터
871,제주특별자치도 서귀포시 토평동 1695-1,3지형,교통정보센터
872,제주특별자치도 서귀포시 토평동 1697-2,4지형,교통정보센터
873,제주특별자치도 서귀포시 상효동 1352-1,4지형,교통정보센터
874,제주특별자치도 서귀포시 상효동 1300-7,3지형,교통정보센터
875,제주특별자치도 서귀포시 상효동 1287-8,3지형,교통정보센터
876,제주특별자치도 서귀포시 상효동 1281-3,3지형,교통정보센터
877,제주특별자치도 서귀포시 상효동 1260-3,3지형,교통정보센터
878,제주특별자치도 서귀포시 상효동 1127-7,3지형,교통정보센터
879,제주특별자치도 서귀포시 상효동 산 121-7,단일로,교통정보센터
880,제주특별자치도 서귀포시 상효동 산 108-12,3지형,교통정보센터
881,제주특별자치도 서귀포시 남원읍 신례리 1639-1,3지형,교통정보센터
882,제주특별자치도 서귀포시 남원읍 하례리 1120,4지형,교통정보센터
883,제주특별자치도 서귀포시 남원읍 하례리 1407-7,4지형,교통정보센터
884,제주특별자치도 서귀포시 남원읍 하례리 1655-4,4지형,교통정보센터
885,제주특별자치도 서귀포시 상효동 1066,4지형,교통정보센터
886,제주특별자치도 서귀포시 표선면 성읍리 3169-1,3지형,교통정보센터
887,제주특별자치도 서귀포시 표선면 성읍리 3142-1,단일로,교통정보센터
888,제주특별자치도 서귀포시 표선면 성읍리 2129-3,4지형,교통정보센터
889,제주특별자치도 서귀포시 표선면 성읍리 2164-1,4지형,교통정보센터
890,제주특별자치도 서귀포시 표선면 성읍리 1047-1,단일로,교통정보센터
891,제주특별자치도 서귀포시 표선면 성읍리 1106-3,4지형,교통정보센터
892,제주특별자치도 서귀포시 표선면 하천리 1441-4,4지형,교통정보센터
893,제주특별자치도 서귀포시 표선면 하천리 1559-1,4지형,교통정보센터
894,제주특별자치도 서귀포시 표선면 하천리 1100-4,4지형,교통정보센터
895,제주특별자치도 서귀포시 남원읍 수망리 산 90-1,4지형,교통정보센터
896,제주특별자치도 서귀포시 남원읍 수망리 247-13,4지형,교통정보센터
897,제주특별자치도 서귀포시 남원읍 의귀리 1711-2,3지형,교통정보센터
898,제주특별자치도 서귀포시 남원읍 의귀리 799-9,4지형,교통정보센터
899,제주특별자치도 서귀포시 남원읍 의귀리 911-9,4지형,교통정보센터
900,제주특별자치도 서귀포시 안덕면 서광리 75-23,4지형,교통정보센터
901,제주특별자치도 서귀포시 안덕면 서광리 474-2,4지형,교통정보센터
902,제주특별자치도 서귀포시 안덕면 서광리 379-6,3지형,교통정보센터
903,제주특별자치도 서귀포시 안덕면 서광리 366-10,4지형,교통정보센터
904,제주특별자치도 서귀포시 안덕면 덕수리 1622-1,4지형,교통정보센터
905,제주특별자치도 서귀포시 안덕면 덕수리 1681-3,4지형,교통정보센터
906,제주특별자치도 서귀포시 대정읍 안성리 77-1,4지형,교통정보센터
907,제주특별자치도 서귀포시 대정읍 안성리 563,4지형,교통정보센터
908,제주특별자치도 서귀포시 대정읍 안성리 1311-5,4지형,교통정보센터
909,제주특별자치도 서귀포시 대정읍 안성리 1388,4지형,교통정보센터
910,제주특별자치도 서귀포시 대정읍 보성리 2405,4지형,교통정보센터
911,제주특별자치도 서귀포시 대정읍 보성리 2411,단일로,교통정보센터
912,제주특별자치도 서귀포시 대정읍 보성리 2417,3지형,교통정보센터
913,제주특별자치도 서귀포시 대정읍 보성리 2425,3지형,교통정보센터
914,제주특별자치도 서귀포시 대정읍 보성리 2424,4지형,교통정보센터
915,제주특별자치도 서귀포시 대정읍 보성리 2476,3지형,교통정보센터
916,제주특별자치도 서귀포시 대정읍 보성리 2476-13,단일로,교통정보센터
917,제주특별자치도 서귀포시 대정읍 구억리 1178,3지형,교통정보센터
918,제주특별자치도 서귀포시 대정읍 구억리 1159 (건너편),3지형,교통정보센터
919,제주특별자치도 서귀포시 대정읍 구억리 1144,3지형,교통정보센터
920,제주특별자치도 서귀포시 대정읍 구억리 1125(건너편),3지형,교통정보센터
921,제주특별자치도 서귀포시 대정읍 구억리 1184,3지형,교통정보센터
922,제주특별자치도 서귀포시 대정읍 구억리 1110,3지형,교통정보센터
923,제주특별자치도 서귀포시 안덕면 동광리 1390-6,4지형,교통정보센터
924,제주특별자치도 서귀포시 안덕면 서광리 산 25-43,3지형,교통정보센터
925,제주특별자치도 서귀포시 안덕면 서광리 산 34-5,3지형,교통정보센터
926,제주특별자치도 서귀포시 안덕면 서광리 1235-6,3지형,교통정보센터
927,제주특별자치도 제주시 한경면 저지리 산 37-19,4지형,교통정보센터
928,제주특별자치도 서귀포시 안덕면 서광리 2489-43,4지형,교통정보센터
929,제주특별자치도 서귀포시 안덕면 서광리 1224-52,4지형,교통정보센터
930,제주특별자치도 서귀포시 안덕면 서광리 1395-3,4지형,교통정보센터
931,제주특별자치도 서귀포시 성산읍 고성리 186-6,3지형,교통정보센터
932,제주특별자치도 서귀포시 성산읍 수산리 1021-2,3지형,교통정보센터
933,제주특별자치도 서귀포시 성산읍 고성리 256,단일로,교통정보센터
934,제주특별자치도 서귀포시 성산읍 고성리 240-2,3지형,교통정보센터
935,제주특별자치도 서귀포시 성산읍 고성리 352-59,4지형,교통정보센터
936,제주특별자치도 서귀포시 동홍동 1702-1,단일로,교통정보센터
937,제주특별자치도 서귀포시 남원읍 신례리 117-9,3지형,교통정보센터
938,제주특별자치도 서귀포시 색달동 2086,3지형,교통정보센터
939,제주특별자치도 서귀포시 동홍동 789-2,3지형,교통정보센터
940,제주특별자치도 서귀포시 호근동 814-3,단일로,교통정보센터
941,제주특별자치도 서귀포시 토평동 2026-1,단일로,교통정보센터
942,제주특별자치도 서귀포시 표선면 표선리 1881-5,단일로,교통정보센터
943,제주특별자치도 서귀포시 신효동 1514-2,3지형,교통정보센터
944,제주특별자치도 서귀포시 강정동 177-1,4지형,교통정보센터
945,제주특별자치도 서귀포시 법환동 734,4지형,교통정보센터
946,제주특별자치도 서귀포시 강정동 145-7,4지형,교통정보센터
947,제주특별자치도 서귀포시 토평동 822-2,3지형,교통정보센터
948,제주특별자치도 서귀포시 토평동 821,단일로,교통정보센터
949,제주특별자치도 서귀포시 남원읍 하례리 350-5,4지형,교통정보센터
950,제주특별자치도 서귀포시 표선면 가시리 산 158-4,단일로,교통정보센터
951,제주특별자치도 서귀포시 성산읍 신천리 88,4지형,교통정보센터
952,제주특별자치도 서귀포시 토평동 2322-1,4지형,교통정보센터
953,제주특별자치도 서귀포시 토평동 1001-4,단일로,교통정보센터
954,제주특별자치도 서귀포시 남원읍 위미리 26-1,3지형,교통정보센터
955,제주특별자치도 서귀포시 남원읍 위미리 183-1,4지형,교통정보센터
956,제주특별자치도 서귀포시 강정동 4644-3,3지형,교통정보센터
957,제주특별자치도 서귀포시 대정읍 하모리 1288-5,3지형,교통정보센터
958,제주특별자치도 서귀포시 대정읍 하모리 1371-5,3지형,교통정보센터
959,제주특별자치도 서귀포시 안덕면 상창리 594-34,3지형,교통정보센터
960,제주특별자치도 서귀포시 안덕면 상창리 588-8,4지형,교통정보센터
961,제주특별자치도 서귀포시 안덕면 창천리 73-3,4지형,교통정보센터
962,제주특별자치도 서귀포시 표선면 표선리 464,단일로,교통정보센터
963,제주특별자치도 서귀포시 동홍동 61-1,4지형,교통정보센터
964,제주특별자치도 서귀포시 동홍동 512-4,4지형,교통정보센터
965,제주특별자치도 서귀포시 동홍동 1460-8,4지형,교통정보센터
966,제주특별자치도 서귀포시 남원읍 남원리 1344-1,단일로,교통정보센터
967,제주특별자치도 서귀포시 중문동 1820-5,단일로,교통정보센터
968,제주특별자치도 서귀포시 성산읍 고성리 1909-7,4지형,교통정보센터
969,제주특별자치도 서귀포시 표선면 세화리 257-24,4지형,교통정보센터
970,제주특별자치도 서귀포시 토평동 819-1,3지형,교통정보센터
971,제주특별자치도 서귀포시 토평동 2240-9,3지형,교통정보센터
972,제주특별자치도 서귀포시 표선면 하천리 153-3,4지형,교통정보센터
973,제주특별자치도 서귀포시 색달동 2121-4(골프장 반대편 길),3지형,교통정보센터
974,제주특별자치도 서귀포시 성산읍 온평리 262-1,단일로,교통정보센터
975,제주특별자치도 서귀포시 동홍동 942,단일로,교통정보센터
976,제주특별자치도 서귀포시 강정동 593-6,4지형,교통정보센터
977,제주특별자치도 서귀포시 성산읍 수산리 248-5,3지형,교통정보센터
978,제주특별자치도 서귀포시 성산읍 고성리 1472-4,3지형,교통정보센터
979,제주특별자치도 서귀포시 성산읍 수산리 269,4지형,교통정보센터
980,제주특별자치도 서귀포시 안덕면 화순리 763-6,4지형,교통정보센터
981,제주특별자치도 서귀포시 색달동 2186-2,단일로,교통정보센터
982,제주특별자치도 서귀포시 대정읍 무릉리 산63,4지형,교통정보센터
983,제주특별자치도 서귀포시 서귀동 456-2,4지형,교통정보센터
984,제주특별자치도 서귀포시 남원읍 남원리 1585-2,5지형,교통정보센터
985,제주특별자치도 서귀포시 안덕면 서광리 337-6,단일로,교통정보센터
986,제주특별자치도 서귀포시 대정읍 하모리 1569-3,단일로,교통정보센터
987,제주특별자치도 서귀포시 성산읍 시흥리 1190-1,단일로,교통정보센터
988,제주특별자치도 서귀포시 대정읍 상모리 3934-1,3지형,교통정보센터
989,제주특별자치도 서귀포시 표선면 하천리 293-3,3지형,교통정보센터
990,제주특별자치도 서귀포시 성산읍 고성리 2486-1,4지형,교통정보센터
991,제주특별자치도 서귀포시 서귀동 146-25,4지형,교통정보센터
992,제주특별자치도 서귀포시 회수동 973-2,단일로,교통정보센터
993,제주특별자치도 서귀포시 회수동 659,4지형,교통정보센터
994,제주특별자치도 서귀포시 서홍동 1153-5,3지형,교통정보센터
995,제주특별자치도 서귀포시 남원읍 신례리 289-14,3지형,교통정보센터
996,제주특별자치도 서귀포시 대정읍 보성리 2371,3지형,교통정보센터
997,제주특별자치도 서귀포시 호근동 1851-5,4지형,교통정보센터
998,제주특별자치도 서귀포시 남원읍 의귀리 1483-11,단일로,교통정보센터
999,제주특별자치도 서귀포시 대정읍 보성리 1629-1,단일로,교통정보센터
1000,제주특별자치도 서귀포시 남원읍 태흥리 476-5,단일로,교통정보센터
1001,제주특별자치도 서귀포시 대정읍 동일리 2659-2,단일로,교통정보센터
1002,제주특별자치도 서귀포시 하원동 329-7,3지형,교통정보센터
1003,제주특별자치도 서귀포시 성산읍 신천리 464,3지형,교통정보센터
1004,제주특별자치도 서귀포시 남원읍 남원리 158-6,단일로,교통정보센터
1005,제주특별자치도 서귀포시 대정읍 무릉리 3291-1,단일로,교통정보센터
1006,제주특별자치도 서귀포시 법환동 1289-1,단일로,교통정보센터
1007,제주특별자치도 서귀포시 안덕면 사계리 1772-2,단일로,교통정보센터
1008,제주특별자치도 서귀포시 서홍동 1780-1,단일로,교통정보센터
1009,제주특별자치도 서귀포시 성산읍 성산리 333-9,단일로,교통정보센터
1010,제주특별자치도 서귀포시 남원읍 신례리 822-1,단일로,교통정보센터
1011,제주특별자치도 서귀포시 표선면 성읍리 997-1,단일로,교통정보센터
1012,제주특별자치도 서귀포시 성산읍 고성리 263,3지형,교통정보센터
1013,제주특별자치도 서귀포시 남원읍 위미리 4123-1,4지형,교통정보센터
1014,제주특별자치도 서귀포시 남원읍 위미리 1536,4지형,교통정보센터
1015,제주특별자치도 서귀포시 표선면 일주동로 6344,단일로,교통정보센터
1016,제주특별자치도 서귀포시 성산읍 온평리 451-2,3지형,교통정보센터
1017,제주특별자치도 서귀포시 남원읍 남원리 1521,4지형,교통정보센터
1018,제주특별자치도 서귀포시 표선면 표선리 70-4,단일로,교통정보센터
1019,제주특별자치도 서귀포시 강정동 177,단일로,교통정보센터
1020,제주특별자치도 서귀포시 강정동 3458,3지형,교통정보센터
1021,제주특별자치도 서귀포시 대정읍 영락리 1358-3,단일로,교통정보센터
1022,제주특별자치도 서귀포시 서홍동 1752-5,단일로,교통정보센터
1023,제주특별자치도 서귀포시 서호동 153-8,3지형,교통정보센터
1024,제주특별자치도 서귀포시 남원읍 태흥리 20-9,4지형,교통정보센터
1025,제주특별자치도 서귀포시 남원읍 태흥리 1752,3지형,교통정보센터
